mutation_id	sample_id	cluster_id	cellular_prevalence	cellular_prevalence_std	variant_allele_frequency
14-Sep:chr7.55912295.GT.-	Sample_3	2	0.005083313	0.005074487	0
14-Sep:chr7.55912295.GT.-	Sample_1	2	0.080203357	0.090035998	0.058595909
14-Sep:chr7.55912295.GT.-	Sample_2	2	0.008468672	0.006434295	0
ACVR1:chr2.158622516.C.T	Sample_3	3	0.699319736	0.127186944	0.256846951
ACVR1:chr2.158622516.C.T	Sample_1	3	0.739419175	0.199398102	0.508167432
ACVR1:chr2.158622516.C.T	Sample_2	3	0.7495629	0.122423643	0.229937393
ALOXE3:chr17.8013276.G.C	Sample_3	4	0.570255563	0.070109307	0.098402885
ALOXE3:chr17.8013276.G.C	Sample_1	4	0.000644503	0.000990594	0
ALOXE3:chr17.8013276.G.C	Sample_2	4	0.59308538	0.069203945	0.095168375
ASB7:chr15.101189328.G.T	Sample_3	3	0.683961622	0.133038829	0.14916727
ASB7:chr15.101189328.G.T	Sample_1	3	0.716892467	0.204961917	0.334576452
ASB7:chr15.101189328.G.T	Sample_2	3	0.729720675	0.133155374	0.118474807
BCAP31:chrX.152966056.A.G	Sample_3	3	0.682938931	0.13149592	0.15476622
BCAP31:chrX.152966056.A.G	Sample_1	3	0.715031261	0.20399968	0.338345865
BCAP31:chrX.152966056.A.G	Sample_2	3	0.729269562	0.133127241	0.118974359
BTBD17:chr17.72353292.C.T	Sample_3	3	0.669386442	0.137090251	0.096366509
BTBD17:chr17.72353292.C.T	Sample_1	3	0.712443031	0.203066459	0.350157729
BTBD17:chr17.72353292.C.T	Sample_2	3	0.720369716	0.141158257	0.083528493
CACNA1E:chr1.181620475.-.A	Sample_3	2	0.005023164	0.00484142	0
CACNA1E:chr1.181620475.-.A	Sample_1	2	0.073172246	0.076228443	0.045834328
CACNA1E:chr1.181620475.-.A	Sample_2	2	0.008471058	0.006422479	0
CARD18:chr11.105009610.G.A	Sample_3	3	0.683640235	0.129097161	0.168240557
CARD18:chr11.105009610.G.A	Sample_1	3	0.715507772	0.204255883	0.336535277
CARD18:chr11.105009610.G.A	Sample_2	3	0.730941323	0.131093538	0.127848476
COIL:chr17.55015723.C.T	Sample_3	4	0.571130601	0.070247628	0.17755511
COIL:chr17.55015723.C.T	Sample_1	4	0.000642791	0.000758121	0
COIL:chr17.55015723.C.T	Sample_2	4	0.593518103	0.068838564	0.105116279
CYLC2:chr9.105767898.AAGGATGCAAAG.-	Sample_3	5	0.497549624	0.198210838	0.075953989
CYLC2:chr9.105767898.AAGGATGCAAAG.-	Sample_1	5	0.208242964	0.147005829	0.067262018
CYLC2:chr9.105767898.AAGGATGCAAAG.-	Sample_2	5	0.525411698	0.212240298	0.059068914
DNAJC14:chr12.56215892.T.-	Sample_3	4	0.570145939	0.069799658	0.088087631
DNAJC14:chr12.56215892.T.-	Sample_1	4	0.000637888	0.000756673	0
DNAJC14:chr12.56215892.T.-	Sample_2	4	0.593045981	0.06880084	0.103520209
DNAJC24:chr11.31392407.G.T	Sample_3	2	0.004992854	0.004716535	0
DNAJC24:chr11.31392407.G.T	Sample_1	2	0.058299053	0.015800885	0.000354108
DNAJC24:chr11.31392407.G.T	Sample_2	2	0.008578008	0.006893779	0
DUSP3:chr17.41852097.GCCTGGT.-	Sample_3	4	0.55544486	0.095754051	0.046628648
DUSP3:chr17.41852097.GCCTGGT.-	Sample_1	4	0.000837566	0.001657147	0
DUSP3:chr17.41852097.GCCTGGT.-	Sample_2	4	0.576017883	0.107752272	0.021500387
FAM47C:chrX.37026536.C.T	Sample_3	1	0.009006826	0.007021051	0.000361402
FAM47C:chrX.37026536.C.T	Sample_1	1	0.486731382	0.095510689	0.292403746
FAM47C:chrX.37026536.C.T	Sample_2	1	0.01130813	0.009843225	0.001764446
GANC:chr15.42579952.G.C	Sample_3	4	0.57061419	0.06973544	0.107078507
GANC:chr15.42579952.G.C	Sample_1	4	0.000646294	0.000835317	0
GANC:chr15.42579952.G.C	Sample_2	4	0.59333846	0.068908627	0.102490421
GNS:chr12.65107274.C.T	Sample_3	3	0.685235845	0.12588584	0.18748377
GNS:chr12.65107274.C.T	Sample_1	3	0.713575096	0.202020738	0.359726962
GNS:chr12.65107274.C.T	Sample_2	3	0.732197248	0.129408237	0.127368114
GREB1:chr2.11736310.CTC.-	Sample_3	4	0.569788075	0.070584065	0.081971715
GREB1:chr2.11736310.CTC.-	Sample_1	4	0.000638919	0.000753574	0
GREB1:chr2.11736310.CTC.-	Sample_2	4	0.592834193	0.069437817	0.092311551
HIST1H3B:chr6.26032206.T.A	Sample_3	3	0.685017972	0.128300581	0.169506463
HIST1H3B:chr6.26032206.T.A	Sample_1	3	0.708445044	0.198179859	0.389360751
HIST1H3B:chr6.26032206.T.A	Sample_2	3	0.732441635	0.129187393	0.131864288
IPO9:chr1.201798463.T.-	Sample_3	4	0.569874335	0.071096636	0.103910615
IPO9:chr1.201798463.T.-	Sample_1	4	0.000644102	0.000805324	0
IPO9:chr1.201798463.T.-	Sample_2	4	0.592719812	0.069966894	0.094069891
ISM1:chr20.13281064.G.T	Sample_3	4	0.596204641	0.107259632	0.275819419
ISM1:chr20.13281064.G.T	Sample_1	4	0.001923197	0.006020554	0.000948767
ISM1:chr20.13281064.G.T	Sample_2	4	0.609477747	0.085118953	0.171849427
NFASC:chr1.204986012.G.C	Sample_3	3	0.702125195	0.125675183	0.280874049
NFASC:chr1.204986012.G.C	Sample_1	3	0.736725333	0.200148935	0.485669291
NFASC:chr1.204986012.G.C	Sample_2	3	0.745144286	0.123691607	0.20506248
ODF4:chr17.8243563.C.A	Sample_3	2	0.005060953	0.005104703	0.000342936
ODF4:chr17.8243563.C.A	Sample_1	2	0.059848314	0.028348484	0.033985102
ODF4:chr17.8243563.C.A	Sample_2	2	0.008636102	0.007192074	0.00038835
ODZ1:chrX.123514921.C.T	Sample_3	2	0.004999711	0.00473998	0.000262398
ODZ1:chrX.123514921.C.T	Sample_1	2	0.058295383	0.015799412	0.008823529
ODZ1:chrX.123514921.C.T	Sample_2	2	0.008591368	0.006933645	0.000320307
OR11L1:chr1.248004941.C.A	Sample_3	4	0.570234282	0.070044216	0.137940235
OR11L1:chr1.248004941.C.A	Sample_1	4	0.000641467	0.000817735	0
OR11L1:chr1.248004941.C.A	Sample_2	4	0.592802475	0.068580668	0.115767045
OR2W3:chr1.248059026.CCTGG.-	Sample_3	4	0.567103963	0.075099715	0.054024256
OR2W3:chr1.248059026.CCTGG.-	Sample_1	4	0.000647705	0.000860341	0
OR2W3:chr1.248059026.CCTGG.-	Sample_2	4	0.589456849	0.074386571	0.050719005
PCDH11X:chrX.91137899.G.C	Sample_3	2	0.005016557	0.004882707	0
PCDH11X:chrX.91137899.G.C	Sample_1	2	0.061719232	0.038753856	0.042965779
PCDH11X:chrX.91137899.G.C	Sample_2	2	0.00857915	0.006561922	0
PDS5A:chr4.39851245.T.G	Sample_3	4	0.570873453	0.070192887	0.1568115
PDS5A:chr4.39851245.T.G	Sample_1	4	0.000636762	0.000708018	0
PDS5A:chr4.39851245.T.G	Sample_2	4	0.593429822	0.068895657	0.118801284
PIK3CA:chr3.178936091.G.A	Sample_3	4	0.571233507	0.070379752	0.164893617
PIK3CA:chr3.178936091.G.A	Sample_1	4	0.000639828	0.000711789	0
PIK3CA:chr3.178936091.G.A	Sample_2	4	0.593637928	0.068847404	0.135247319
PIK3CA:chr3.178936094.C.A	Sample_3	1	0.008971579	0.007487542	0.000278707
PIK3CA:chr3.178936094.C.A	Sample_1	1	0.486621411	0.095209644	0.301724138
PIK3CA:chr3.178936094.C.A	Sample_2	1	0.011111113	0.008480993	0
PPP2R2C:chr4.6349736.G.T	Sample_3	1	0.008937975	0.006622943	0.000415455
PPP2R2C:chr4.6349736.G.T	Sample_1	1	0.486605834	0.095464084	0.298202108
PPP2R2C:chr4.6349736.G.T	Sample_2	1	0.011104016	0.008475841	0
PROM2:chr2.95942357.G.T	Sample_3	2	0.005253288	0.005218015	0.000284819
PROM2:chr2.95942357.G.T	Sample_1	2	0.075063	0.080571014	0.041871921
PROM2:chr2.95942357.G.T	Sample_2	2	0.008808709	0.007322529	0.000788022
RNF207:chr1.6267532.G.A	Sample_3	4	0.571231869	0.070990338	0.146869984
RNF207:chr1.6267532.G.A	Sample_1	4	0.000657547	0.000951568	0
RNF207:chr1.6267532.G.A	Sample_2	4	0.593598331	0.069059986	0.119212963
RNLS:chr10.90122346.-.CG	Sample_3	4	0.570508118	0.069918206	0.102701736
RNLS:chr10.90122346.-.CG	Sample_1	4	0.000637564	0.000712492	0
RNLS:chr10.90122346.-.CG	Sample_2	4	0.593400845	0.068894866	0.123482381
RYR2:chr1.237947620.C.T	Sample_3	1	0.009029105	0.007172971	0.001135718
RYR2:chr1.237947620.C.T	Sample_1	1	0.485696026	0.095878362	0.239960173
RYR2:chr1.237947620.C.T	Sample_2	1	0.011254295	0.009414439	0.002052686
SENP5:chr3.196612619.C.T	Sample_3	4	0.570564857	0.070234901	0.106557377
SENP5:chr3.196612619.C.T	Sample_1	4	0.000644783	0.000842591	0
SENP5:chr3.196612619.C.T	Sample_2	4	0.593241484	0.06884054	0.113156101
SERPINB4:chr18.61308147.G.A	Sample_3	4	0.570725452	0.070169127	0.126729986
SERPINB4:chr18.61308147.G.A	Sample_1	4	0.000650078	0.000962606	0
SERPINB4:chr18.61308147.G.A	Sample_2	4	0.593331185	0.068889065	0.118764081
SETD8:chr12.123875279.C.A	Sample_3	4	0.570348486	0.069564347	0.099755368
SETD8:chr12.123875279.C.A	Sample_1	4	0.000638271	0.000748803	0
SETD8:chr12.123875279.C.A	Sample_2	4	0.593333767	0.068888566	0.121412804
SLAIN2:chr4.48425640.A.C	Sample_3	3	0.682844821	0.129765299	0.161999034
SLAIN2:chr4.48425640.A.C	Sample_1	3	0.71551138	0.20348548	0.343991922
SLAIN2:chr4.48425640.A.C	Sample_2	3	0.72771781	0.134508528	0.111143187
SLC33A1:chr3.155572199.G.A	Sample_3	4	0.570845392	0.070244117	0.152180275
SLC33A1:chr3.155572199.G.A	Sample_1	4	0.000639514	0.000786305	0
SLC33A1:chr3.155572199.G.A	Sample_2	4	0.593465298	0.068988655	0.117497618
TDRKH:chr1.151748336.AAATG.-	Sample_3	4	0.569086844	0.071375542	0.073298429
TDRKH:chr1.151748336.AAATG.-	Sample_1	4	0.000643519	0.000752203	0
TDRKH:chr1.151748336.AAATG.-	Sample_2	4	0.591763078	0.069350964	0.062278233
TNS4:chr17.38643384.C.T	Sample_3	1	0.008994125	0.007025166	0.000459137
TNS4:chr17.38643384.C.T	Sample_1	1	0.486685855	0.095243773	0.358736059
TNS4:chr17.38643384.C.T	Sample_2	1	0.011204528	0.009324417	0.000577701
TPH2:chr12.72425820.G.T	Sample_3	1	0.008638954	0.00656841	0
TPH2:chr12.72425820.G.T	Sample_1	1	0.452527057	0.103455694	0.144077784
TPH2:chr12.72425820.G.T	Sample_2	1	0.011257913	0.009065678	0.000310174
TTN:chr2.179599178.A.G	Sample_3	4	0.572382716	0.072180615	0.248606236
TTN:chr2.179599178.A.G	Sample_1	4	0.000670669	0.001195594	0
TTN:chr2.179599178.A.G	Sample_2	4	0.594752784	0.069896046	0.214267709
UBE2DNL:chrX.84189326.C.G	Sample_3	1	0.008924472	0.006574608	0
UBE2DNL:chrX.84189326.C.G	Sample_1	1	0.486483784	0.095163203	0.300312012
UBE2DNL:chrX.84189326.C.G	Sample_2	1	0.011105356	0.008468615	0
XPNPEP2:chrX.128888451.C.T	Sample_3	1	0.008931974	0.006610379	0
XPNPEP2:chrX.128888451.C.T	Sample_1	1	0.486759986	0.09551229	0.301816488
XPNPEP2:chrX.128888451.C.T	Sample_2	1	0.011120755	0.008526992	0